{
  "retrieval_metrics": {
    "vector": {
      "p@5": 0.152,
      "r@5": 0.65,
      "mrr": 0.636664,
      "ndcg@5": 0.594868,
      "h@1": 0.56,
      "h@3": 0.72,
      "h@5": 0.76
    },
    "bm25": {
      "p@5": 0.168,
      "r@5": 0.73,
      "mrr": 0.651332,
      "ndcg@5": 0.6281640000000001,
      "h@1": 0.56,
      "h@3": 0.72,
      "h@5": 0.8
    },
    "hybrid": {
      "p@5": 0.152,
      "r@5": 0.65,
      "mrr": 0.636664,
      "ndcg@5": 0.594868,
      "h@1": 0.56,
      "h@3": 0.72,
      "h@5": 0.76
    },
    "hybrid_rerank": {
      "p@5": 0.20800000000000002,
      "r@5": 0.86,
      "mrr": 0.834664,
      "ndcg@5": 0.78626,
      "h@1": 0.72,
      "h@3": 0.96,
      "h@5": 1
    },
    "hybrid_rerank_rewrite": {
      "p@5": 0.20800000000000002,
      "r@5": 0.86,
      "mrr": 0.827996,
      "ndcg@5": 0.781024,
      "h@1": 0.72,
      "h@3": 0.96,
      "h@5": 1
    }
  },
  "e2e_avg_score": 4.68,
  "e2e_score_distribution": {
    "1": 1,
    "2": 0,
    "3": 1,
    "4": 2,
    "5": 21
  },
  "rewrite_examples": [
    {
      "original": "2023年公司总营收是多少？",
      "variants": [
        "2023年企业的总收入是多少",
        "公司2023年的营业额总数是多少",
        "2023年度公司的收入总额是多少"
      ]
    },
    {
      "original": "公司2026年的营收目标是多少？",
      "variants": [
        "公司2026年的销售目标是多少",
        "2026年公司的营收预期是多少",
        "2026年企业营收目标设定为多少"
      ]
    },
    {
      "original": "公司使用什么向量数据库？",
      "variants": [
        "公司采用哪种向量数据库",
        "企业使用什么类型的向量数据库",
        "公司部署的向量数据库是什么"
      ]
    }
  ]
}